"사용","카테고리","난이도","발표 주제","슬라이드1 제목","슬라이드1 내용","슬라이드2 제목","슬라이드2 내용","슬라이드3 제목","슬라이드3 내용","참고자료"
"TRUE","로봇공학","중급","협동 로봇(Cobot)","사람 옆에서 일하는 로봇","협동 로봇은 사람과 작업 공간을 공유하도록 설계된 산업용 로봇 시스템이다. 힘·토크 감지와 속도 제한을 이용해 충돌 위험을 낮춘다.","안전은 센서 하나로 끝나지 않는다","ISO/TS 15066은 안전 정격 감시 정지, 핸드 가이딩, 속도·거리 모니터링, 힘·동력 제한을 제시한다. 핵심 흐름은 감지 → 위험 판단 → 정지 또는 감속이다.","느려도 더 유연할 수 있다","속도와 힘이 제한될 수 있지만 작업 변경이 잦은 다품종 소량 생산과 반복 조립에 강하다. 질문: 생산성과 안전성 중 무엇을 먼저 최적화해야 할까?","https://www.iso.org/news/2016/03/Ref2057.html"
"TRUE","로봇공학","중급","휴머노이드 로봇","왜 굳이 사람을 닮았을까?","휴머노이드 로봇은 머리·몸통·팔·다리처럼 사람과 비슷한 구조를 가진다. 사람용 계단, 문, 공구를 환경 개조 없이 쓰려는 것이 큰 이유다.","두 발로 서는 것은 계산 문제다","IMU, 관절 엔코더, 발바닥 힘 센서로 자세를 추정하고 무게중심과 지지 영역을 계산한다. 액추에이터는 넘어지기 전에 관절 토크를 계속 보정한다.","사람형이 항상 정답은 아니다","사람 공간에는 잘 적응하지만 바퀴형보다 에너지 효율과 안정성이 낮을 수 있다. 질문: 재난 현장이라면 휴머노이드와 바퀴형 로봇 중 무엇을 선택할까?","https://spj.science.org/doi/10.34133/2021/9817487"
"TRUE","로봇공학","고급","역기구학","손끝 위치에서 관절 각도로","역기구학은 로봇 손끝의 원하는 위치와 방향을 입력하면 어깨·팔꿈치 같은 각 관절의 각도를 찾는 계산이다. 손끝을 정하고 팔 자세를 거꾸로 추리하는 셈이다.","답이 하나가 아닐 수도 있다","같은 손끝 위치에도 팔꿈치를 위나 아래로 둔 여러 해가 존재할 수 있고, 닿지 않는 곳에는 해가 없다. 특이점에서는 자코비안의 랭크가 낮아져 특정 방향의 움직임을 잃는다.","계산보다 중요한 좋은 자세","실제 로봇은 충돌, 관절 한계, 에너지, 조작성까지 고려해 해를 고른다. 질문: 여러 자세가 가능하다면 가장 짧은 경로와 가장 안전한 경로 중 무엇을 선택할까?","https://modernrobotics.northwestern.edu/chapters/chapter6/"
"TRUE","로봇공학","고급","SLAM","지도 없이 길을 찾는 방법","SLAM은 로봇이 자신의 위치를 추정하면서 동시에 주변 지도를 만드는 기술이다. 처음 가는 교실에서 눈으로 벽과 책상을 확인하며 내 위치를 짐작하는 것과 비슷하다.","오차가 쌓이면 지도가 휘어진다","LiDAR·카메라·IMU의 관측으로 이동량을 추정하지만 작은 오차가 누적된다. 예전에 본 장소를 다시 알아보는 루프 클로저와 포즈 그래프 최적화로 지도를 바로잡는다.","정확도·속도·센서 비용의 균형","카메라는 풍부한 정보를 주지만 조명에 민감하고, LiDAR는 거리 측정이 안정적이지만 비싸다. 질문: 어두운 공장과 밝은 교실에는 각각 어떤 센서 조합이 좋을까?","https://technav.ieee.org/topic/robot-localization/"
"TRUE","로봇공학","고급","소프트 로보틱스","부드러움이 기능이 되는 로봇","소프트 로보틱스는 실리콘·고무·섬유처럼 잘 휘는 재료로 로봇을 만든다. 물체 모양에 스스로 맞춰 변형되므로 깨지기 쉬운 대상과 사람을 안전하게 다루기 좋다.","공기와 구조가 인공 근육이 된다","공압식 액추에이터는 내부 통로에 공기를 넣어 팽창·굽힘·비틀림을 만든다. 순응성 덕분에 정밀 제어 부담은 줄지만 응답 속도, 힘, 내구성 확보가 어려울 수 있다.","단단한 로봇이 못 잡는 것","해파리, 과일, 의료 조직처럼 형태가 일정하지 않고 약한 대상을 잡는 데 유리하다. 질문: 부드러운 그리퍼를 만든다면 재료와 구동 방식을 어떻게 선택할까?","https://wyss.harvard.edu/news/a-rubber-computer-eliminates-the-last-hard-components-from-soft-robots/"
"TRUE","로봇공학","입문","로봇의 자유도","로봇은 몇 방향으로 움직일 수 있을까?","자유도는 로봇의 자세를 정하는 데 필요한 서로 독립적인 움직임의 수다. 평면에서 앞뒤·좌우로만 움직이는 물체는 2자유도, 위치 3축과 회전 3축을 모두 다루면 최대 6자유도로 설명할 수 있다.","관절 하나가 자유도 하나가 되는 이유","회전 관절은 각도 하나, 직선 관절은 이동 거리 하나로 상태를 나타낸다. 여러 관절의 값이 연결되면 로봇 끝단의 위치와 방향이 정해지지만, 관절 배치에 따라 같은 자유도라도 작업 가능 영역은 달라진다.","자유도가 많으면 무조건 좋을까?","자유도가 늘면 장애물을 피해 다양한 자세를 만들 수 있지만 모터·센서·계산량과 비용도 증가한다. 질문: 용접 로봇과 물건 운반 로봇에는 각각 몇 자유도가 적당할까?",""
"TRUE","로봇공학","중급","군집 로봇","작은 로봇들이 떼로 움직이는 기술","군집 로봇은 많은 단순한 로봇이 주변 로봇과 지역 정보만 이용해 전체 임무를 수행하는 방식이다. 개미가 지휘관 없이 먹이를 찾고 길을 만드는 모습이 대표적인 비유다.","중앙 명령 없이 질서가 생긴다","각 로봇은 충돌 회피, 이웃과 거리 유지, 목표 방향 정렬 같은 간단한 규칙을 반복한다. 이 지역 규칙이 합쳐지면 탐색·대형 형성·물체 운반 같은 집단 행동이 나타난다.","한 대가 고장 나도 계속 움직인다","일부가 고장 나도 전체가 임무를 이어갈 수 있지만 통신 지연과 예측하기 어려운 집단 행동이 문제다. 질문: 산불 수색에서 로봇 1대의 정확성과 100대의 넓은 탐색 중 무엇이 중요할까?",""
"TRUE","로봇공학","고급","햅틱 피드백","화면 너머의 촉감을 전달하다","햅틱 피드백은 진동·힘·압력으로 사용자에게 촉각 정보를 주는 기술이다. 스마트폰 진동부터 수술 로봇 조종 장치가 저항을 되돌려주는 힘 피드백까지 범위가 넓다.","센서의 값을 손이 느끼는 힘으로","힘 센서가 접촉 크기를 측정하면 제어기가 모터나 진동 액추에이터를 움직여 손에 반작용을 만든다. 지연이 크거나 힘이 과하면 실제와 다르게 느껴지거나 제어가 불안정해질 수 있다.","보이지 않는 정보를 만질 수 있다","원격 수술, 가상현실, 시각장애인 안내에 유용하지만 촉감을 완벽히 재현하기는 어렵다. 질문: 온라인 실습에서 무게·거칠기·온도 중 어떤 감각을 먼저 구현해야 할까?",""
"TRUE","로봇공학","입문","로봇 윤리","로봇의 행동에는 누가 책임질까?","로봇 윤리는 로봇의 설계와 사용이 사람의 안전·권리·공정성에 어떤 영향을 주는지 따지는 분야다. 로봇 자체보다 이를 만든 기업, 운영자, 사용자와 제도를 함께 살펴본다.","성능만으로는 좋은 로봇이 되지 않는다","서비스 로봇은 카메라로 개인정보를 모을 수 있고 AI 판단은 학습 데이터의 편향을 반영할 수 있다. 설계 단계부터 최소 정보 수집, 사람의 최종 통제, 사고 기록과 설명 가능성을 고려해야 한다.","편리함과 인간의 통제 사이","돌봄·채용·군사처럼 영향이 큰 영역에서는 효율보다 존엄성과 책임이 우선될 수 있다. 질문: 로봇이 내린 결정을 사람이 언제든 취소할 수 있어야 할까?",""
"TRUE","로봇공학","입문","언캐니 밸리","사람과 닮았는데 왜 오히려 무서울까?","언캐니 밸리는 로봇이나 캐릭터가 사람과 비슷해질수록 호감이 커지다가, 거의 닮았지만 미묘하게 어색한 구간에서 거부감이 급격히 커진다는 가설이다.","눈·표정·움직임의 작은 불일치","피부는 사실적인데 눈동자가 멈춰 있거나 입 모양과 목소리의 타이밍이 다르면 기대와 실제가 충돌한다. 외형뿐 아니라 움직임과 상황 맥락이 불쾌감에 영향을 준다.","더 닮게 할까, 아예 단순하게 할까?","안내 로봇은 친근한 만화형 얼굴을 선택하고 영화는 극사실 표현을 택하기도 한다. 질문: 병원 로봇은 사람처럼 보여야 할까, 기계임이 분명해야 할까?",""
"TRUE","과학","고급","양자 얽힘","멀리 떨어져도 하나처럼 연결된 상태","양자 얽힘은 두 입자의 상태를 각각 따로 설명할 수 없고 하나의 공동 상태로만 설명되는 현상이다. 한 입자를 측정하면 두 입자의 결과 사이에 고전적으로 설명하기 어려운 강한 상관관계가 나타난다.","빛보다 빠른 문자 메시지는 아니다","측정 결과 하나하나는 무작위라서 원하는 정보를 즉시 보낼 수 없다. 다만 두 측정 결과를 나중에 비교하면 벨 부등식을 위반하는 상관관계가 확인되어, 단순한 숨은 답안표 설명과 다름을 보여준다.","양자 통신과 계산의 자원","얽힘은 양자 암호, 양자 텔레포테이션, 양자 컴퓨터의 핵심 자원이다. 질문: 관측 전에는 값이 정해져 있지 않다는 설명을 일상적 상식과 어떻게 구분해 말할까?",""
"TRUE","과학","고급","엔트로피","에너지는 왜 한 방향으로 퍼질까?","열역학에서 엔트로피는 한 거시적 상태를 만들 수 있는 미시적 배열의 수와 관련된 양이다. 고립된 계에서는 전체 엔트로피가 감소하지 않는다는 제2법칙이 과정의 방향을 정한다.","정돈되지 않음보다 가능성의 수","향수가 방 안에 퍼지는 상태는 한곳에 모인 상태보다 가능한 분자 배열이 훨씬 많다. 우연히 다시 병 안으로 모일 가능성은 0은 아니지만 사실상 관찰하기 어렵다.","냉장고도 엔트로피를 없애지 못한다","냉장고 내부를 차갑게 만들지만 바깥으로 더 많은 열을 방출해 전체 엔트로피를 증가시킨다. 질문: 생명체가 질서를 만드는 모습은 제2법칙과 모순일까?",""
"TRUE","과학","고급","초전도체","전기저항이 0이 되는 물질","초전도체는 특정 임계온도 아래에서 직류 전기저항이 사실상 0이 되고 내부 자기장을 밀어내는 마이스너 효과를 보이는 물질이다. 단순히 저항이 매우 작은 도체와는 다른 양자 상태다.","전자들이 짝을 이루어 움직인다","전통적 초전도 이론에서는 전자들이 격자 진동의 도움으로 쿠퍼쌍을 이루고 하나의 집단 상태로 움직인다. 온도·자기장·전류가 임계값을 넘으면 이 상태가 깨진다.","강력하지만 차갑게 유지해야 한다","MRI, 입자가속기, 자기부상과 전력 장치에 쓰이지만 냉각 비용과 재료 가공성이 걸림돌이다. 질문: 상온·상압 초전도체가 실현되면 가장 먼저 바뀔 산업은 무엇일까?",""
"TRUE","과학","중급","CRISPR 유전자 가위","DNA의 특정 문장을 찾아 고친다","CRISPR 유전자 가위는 안내 RNA가 목표 DNA 서열을 찾고 Cas 단백질이 그 부위를 자르도록 하는 유전자 편집 도구다. 세포가 절단 부위를 복구하는 과정에서 유전자를 끄거나 바꿀 수 있다.","정확한 주소와 세포의 수리 기능","안내 RNA는 염기서열 주소 역할을 하고 Cas9은 절단 도구 역할을 한다. 목표와 비슷한 다른 위치를 자르는 오프타깃과 원하는 방식으로 복구되지 않는 문제가 있어 검증이 필요하다.","치료 가능성과 다음 세대의 윤리","체세포 치료는 환자 개인에 영향을 주지만 배아·생식세포 편집은 후손에게 전달될 수 있다. 질문: 치료 목적과 능력 향상의 경계를 어디에 그어야 할까?",""
"TRUE","과학","입문","도플러 효과","움직이면 소리의 높이가 달라진다","도플러 효과는 파동의 발생원과 관측자가 서로 가까워지거나 멀어질 때 관측되는 주파수가 달라지는 현상이다. 구급차가 다가올 때 사이렌이 높고 지나간 뒤 낮게 들리는 이유다.","파동 사이의 간격이 압축되고 늘어난다","소리원이 관측자 쪽으로 움직이면 앞쪽 파면 간격인 파장이 짧아져 주파수가 높아진다. 멀어지면 파장이 길어져 주파수가 낮아지며, 빛에서도 청색편이와 적색편이로 나타난다.","속도를 재는 파동의 자","레이더 속도계, 혈류 초음파, 천체의 운동 측정에 활용된다. 질문: 움직이는 음원과 움직이는 관측자는 결과가 완전히 같을까?",""
"TRUE","과학","고급","다크 매터","보이지 않지만 중력으로 드러나는 물질","다크 매터는 빛을 거의 내거나 흡수하지 않아 직접 보이지 않지만 중력 효과로 존재가 추정되는 물질이다. 은하의 별들이 보이는 질량만으로 예상한 것보다 빠르게 도는 현상이 대표 증거다.","은하 회전과 중력렌즈가 남긴 단서","은하단이 뒤쪽 빛을 휘게 하는 중력렌즈와 우주배경복사, 대규모 구조 형성 자료도 추가 질량을 요구한다. 다만 어떤 입자로 이루어졌는지는 아직 확인되지 않았다.","모른다는 사실도 과학의 결과다","암흑물질 후보를 직접 검출하려는 실험과 중력이론을 수정하려는 설명이 경쟁한다. 질문: 직접 보지 못한 대상을 과학적으로 존재한다고 말하려면 어떤 증거가 필요할까?",""
"TRUE","과학","고급","핵융합 발전","태양의 에너지를 지상에서 만들기","핵융합은 가벼운 원자핵이 결합해 더 무거운 핵이 될 때 질량 일부가 에너지로 바뀌는 반응이다. 지상에서는 주로 중수소와 삼중수소를 매우 뜨거운 플라스마로 만들어 반응시키려 한다.","1억 도 플라스마를 가두는 방법","토카막은 강한 자기장으로 플라스마가 벽에 닿지 않게 가두고, 관성 가둠은 레이저로 작은 연료 캡슐을 순간 압축한다. 발전소는 투입 에너지를 넘어 지속적으로 열을 회수해야 한다.","연료는 풍부하지만 장치는 어렵다","운전 중 탄소 배출과 장수명 고준위 폐기물은 적을 수 있지만 재료 손상, 삼중수소 생산, 경제성이 과제다. 질문: 기술적 성공과 상업적 성공은 어떻게 다를까?",""
"TRUE","과학","고급","후성유전학","DNA 글자는 같아도 읽는 방식은 다르다","후성유전학은 DNA 염기서열 자체를 바꾸지 않고 유전자가 얼마나 켜지고 꺼지는지가 달라지는 현상을 연구한다. 같은 DNA를 가진 세포가 근육·신경세포로 달라지는 데 중요한 역할을 한다.","메틸 표지와 단백질 포장이 스위치가 된다","DNA 메틸화와 히스톤 변형은 유전자 주변을 열거나 닫아 전사 가능성을 바꾼다. 환경과 생활습관이 일부 표지에 영향을 줄 수 있지만 모든 경험이 후손에게 그대로 유전되는 것은 아니다.","운명도 아니고 마음대로 바꾸는 버튼도 아니다","암 진단·치료와 발생 연구에 중요하지만 원인과 결과를 구분해야 한다. 질문: 유전자와 환경 중 어느 하나만으로 사람의 특성을 설명할 수 있을까?",""
"TRUE","과학","고급","상대성 이론","시간과 공간은 관측자에 따라 달라진다","특수상대성이론은 모든 관성계에서 물리 법칙과 진공 속 빛의 속력이 같다고 본다. 그 결과 빠르게 움직이는 시계는 느리게 가고 길이는 운동 방향으로 줄어드는 시간 지연과 길이 수축이 나타난다.","중력은 시공간의 휘어짐이다","일반상대성이론에서는 질량과 에너지가 시공간을 휘게 하고 물체와 빛은 그 휘어진 경로를 따른다. 강한 중력장에서는 시간도 더 느리게 흐른다.","GPS가 매일 상대성을 보정한다","위성 시계는 속도와 중력 차이 때문에 지상 시계와 다르게 흐르므로 보정하지 않으면 위치 오차가 빠르게 커진다. 질문: 상대적이라는 말이 모든 의견이 똑같다는 뜻과 왜 다를까?",""
"TRUE","과학","고급","페로브스카이트 태양전지","얇게 만들어도 빛을 잘 흡수하는 전지","페로브스카이트 태양전지는 특정 결정 구조를 가진 광흡수층으로 빛을 전기로 바꾼다. 용액 공정과 저온 제조가 가능해 가볍고 유연한 태양전지로 발전할 가능성이 크다.","빛이 전자와 정공을 만든다","빛을 흡수하면 전자와 정공이 생기고 서로 다른 수송층을 따라 전극으로 이동해 전류가 흐른다. 실리콘 전지 위에 쌓는 탠덤 구조는 서로 다른 파장 영역을 나눠 흡수할 수 있다.","효율 기록보다 수명이 중요하다","수분·열·자외선에 대한 안정성과 납 성분, 대면적 균일 제조가 상용화 과제다. 질문: 효율이 높지만 수명이 짧은 전지는 어떤 장소에 먼저 적용할 수 있을까?",""
"TRUE","수학","고급","푸리에 변환","복잡한 파형을 주파수로 펼쳐보기","푸리에 변환은 시간이나 공간에 따라 변하는 신호를 여러 주파수 성분의 크기와 위상으로 바꾸어 표현한다. 음악 한 구간을 어떤 높이의 음들이 얼마나 섞였는지 보여주는 것과 비슷하다.","파형과 사인파의 닮은 정도를 계산한다","각 주파수의 사인·코사인파와 신호를 곱해 누적하면 그 성분의 크기를 얻는다. 이산 푸리에 변환과 빠른 푸리에 변환은 디지털 데이터에서 이를 효율적으로 계산한다.","소리·영상·진동을 해석하는 공통 언어","잡음 제거, 음성 압축, 영상 처리, 기계 고장 진단에 쓰인다. 질문: 시간 영역에서는 잘 안 보이지만 주파수 영역에서 쉽게 찾을 수 있는 정보는 무엇일까?",""
"TRUE","수학","입문","프랙탈","확대해도 비슷한 모양이 반복된다","프랙탈은 전체와 부분에서 비슷한 구조가 반복되는 자기유사성과 정수가 아닐 수 있는 차원을 가진 기하학적 형태다. 나뭇가지, 해안선, 번개에서 완전하지 않은 프랙탈 특징을 볼 수 있다.","아주 단순한 규칙이 복잡한 그림을 만든다","선분을 일정한 규칙으로 나누고 꺾는 과정을 반복하면 코흐 곡선처럼 끝없이 복잡한 경계가 생긴다. 측정 자의 길이를 줄일수록 해안선 길이가 늘어나는 현상도 프랙탈 차원과 관련된다.","자연을 닮은 안테나와 그래픽","안테나 설계, 컴퓨터 그래픽, 혈관 구조 분석에 활용된다. 질문: 똑같은 모양이 무한히 반복되어야만 프랙탈이라고 부를 수 있을까?",""
"TRUE","수학","고급","베이즈 정리","새로운 증거가 믿음을 어떻게 바꾸는가","베이즈 정리는 어떤 가설의 사전확률에 관측 증거가 나타날 가능성을 반영해 사후확률을 계산한다. 처음의 믿음을 데이터로 업데이트하는 규칙이라고 볼 수 있다.","양성 판정이 곧 질병은 아니다","유병률이 매우 낮으면 정확한 검사라도 양성자 중 실제 환자 비율은 생각보다 낮을 수 있다. P(가설|증거)는 P(증거|가설)와 같지 않다는 점이 핵심이다.","진단·스팸 필터·로봇 위치 추정","센서가 불확실할 때 여러 관측을 결합하는 데 유용하지만 사전확률 선택이 결과에 영향을 준다. 질문: 충분한 데이터가 없다면 사전확률을 어떻게 정해야 공정할까?",""
"TRUE","수학","입문","게임 이론","상대의 선택까지 생각하는 수학","게임 이론은 여러 참여자의 결과가 서로의 선택에 달려 있을 때 전략과 보상을 분석한다. 여기서 게임은 오락만이 아니라 가격 경쟁, 협상, 교통 선택 같은 상황을 뜻한다.","모두에게 최선이 개인의 최선과 다를 수 있다","죄수의 딜레마에서는 각자 배신이 유리해 보여 둘 다 배신하지만, 협력했을 때보다 결과가 나쁘다. 누구도 혼자 전략을 바꿔 이득을 얻지 못하는 상태를 내시 균형이라 한다.","규칙을 바꾸면 선택도 바뀐다","반복 게임, 보상, 신뢰와 정보 공개는 협력을 늘릴 수 있다. 질문: 학교 공동 과제에서 무임승차를 줄이는 규칙을 게임 이론으로 어떻게 설계할까?",""
"TRUE","수학","입문","미분과 변화율","순간의 변화를 숫자로 잡아내기","미분은 입력이 아주 조금 변할 때 출력이 얼마나 변하는지를 나타내는 순간변화율이다. 위치를 시간으로 미분하면 순간 속도, 속도를 미분하면 가속도가 된다.","두 점의 기울기를 한 점으로 좁힌다","곡선 위 두 점을 잇는 평균 기울기에서 두 점 사이 간격을 0에 가깝게 줄이면 접선의 기울기인 도함수를 얻는다. 이 극한 개념이 순간이라는 말을 수학적으로 만든다.","최대·최소와 제어의 도구","기울기가 0이 되는 지점을 찾아 비용을 줄이거나 성능을 높이고, 로봇의 속도·가속도 제어에도 활용한다. 질문: 기울기가 0인 모든 점이 최대나 최소일까?",""
"TRUE","수학","고급","몬테카를로 방법","무작위 표본으로 어려운 계산을 푼다","몬테카를로 방법은 난수를 반복 생성해 복잡한 확률·면적·예측 값을 근사하는 계산 방법이다. 정확한 식을 풀기 어렵더라도 많은 시행의 평균으로 답에 접근한다.","원을 맞힌 점의 비율로 원주율을 구한다","정사각형 안에 점을 무작위로 뿌리고 원 안에 들어간 비율을 세면 면적비로 π를 추정할 수 있다. 표본 수가 늘면 보통 오차는 줄지만 빠르게 0이 되지는 않는다.","불확실성을 결과 분포로 보여준다","금융 위험, 방사선 이동, 설계 공차, 게임 AI에 쓰인다. 질문: 난수가 진짜 무작위가 아니어도 신뢰할 수 있는 결과를 얻으려면 무엇을 확인해야 할까?",""
"TRUE","수학","고급","카오스 이론","규칙은 정확한데 미래는 예측하기 어렵다","카오스 이론은 결정론적 규칙을 따르면서도 초기조건의 아주 작은 차이가 시간이 지나며 크게 증폭되는 동역학을 다룬다. 무작위와 같아 보이지만 규칙이 없는 것은 아니다.","나비효과는 민감한 초기조건의 비유","날씨 모델에서 온도나 바람의 작은 측정 오차가 장기 예측을 크게 바꿀 수 있다. 위상공간에서는 궤적이 이상 끌개 주변에서 복잡한 구조를 만들기도 한다.","예측 한계를 아는 것도 기술이다","기상, 생태계, 진동, 전력망 분석에 활용되며 짧은 예측과 확률적 전망이 중요해진다. 질문: 더 좋은 센서가 생기면 장기 예측 한계가 완전히 사라질까?",""
"TRUE","수학","중급","그래프 이론","점과 선으로 관계를 계산한다","그래프 이론에서 정점은 사람·도시·부품 같은 대상을, 간선은 친구·도로·연결 같은 관계를 나타낸다. 모양보다 무엇이 연결되어 있는지가 핵심이다.","최단 경로와 연결 구조를 찾는다","가중치가 있는 간선에 거리나 시간을 넣으면 다익스트라 알고리즘 등으로 최단 경로를 구할 수 있다. 모든 정점을 최소 비용으로 잇는 최소 신장 트리도 대표 문제다.","지도부터 소셜 네트워크까지","통신망, 배선, 추천 시스템, 작업 순서 계획에 활용된다. 질문: 가장 짧은 길과 가장 안전하거나 덜 막히는 길은 그래프에서 어떻게 다르게 표현할까?",""
"TRUE","수학","고급","무한의 크기","무한에도 서로 다른 크기가 있다","칸토어는 자연수와 일대일로 짝지을 수 있는 집합을 가산무한이라 정의했다. 짝수는 자연수의 일부지만 n과 2n을 짝지을 수 있어 같은 크기의 무한이다.","실수는 목록으로 다 셀 수 없다","0과 1 사이 실수를 전부 나열했다고 가정해도 대각선 자리 숫자를 바꿔 목록에 없는 새 실수를 만들 수 있다. 이 대각선 논법은 실수가 자연수보다 큰 비가산무한임을 보인다.","직관을 넘어 정의로 판단하기","무한 집합에서는 부분이 전체와 같은 크기일 수 있어 유한한 직관이 깨진다. 질문: 끝없이 많다는 표현만으로 두 무한의 크기가 같다고 말할 수 있을까?",""
"TRUE","수학","고급","최적화 문제","가능한 선택 중 가장 좋은 답 찾기","최적화는 제한조건을 지키면서 비용을 최소화하거나 성능을 최대화하는 변수를 찾는 문제다. 목적함수, 결정변수, 제약조건을 명확히 쓰는 것이 출발점이다.","기울기를 따라 내려가거나 조합을 탐색한다","연속 문제는 경사하강법으로 목적함수가 줄어드는 방향을 찾고, 정수·조합 문제는 분기한정법이나 휴리스틱을 사용한다. 지역 최적해가 전체 최적해와 다를 수 있다.","빠른 답과 완벽한 답의 선택","로봇 경로, 생산 일정, 물류, AI 학습에 쓰이며 큰 문제에서는 근사해가 실용적일 수 있다. 질문: 1% 더 좋은 답을 찾는 데 계산 시간이 100배 든다면 가치가 있을까?",""
"TRUE","기술·AI","입문","생성형 인공지능","배운 패턴으로 새로운 결과를 만든다","생성형 인공지능은 많은 데이터에서 패턴과 확률적 관계를 학습해 글·이미지·소리·코드 같은 새 결과를 생성한다. 검색처럼 저장된 정답을 그대로 꺼내는 것과는 다르다.","다음 토큰을 예측해 문장을 이어간다","대규모 언어모델은 앞의 문맥을 바탕으로 다음 토큰의 확률을 계산하고 하나씩 이어 붙인다. 그럴듯함을 최적화하므로 사실과 다른 환각이 생길 수 있어 검증이 필요하다.","도구가 강해질수록 질문과 검증이 중요하다","아이디어·초안·개인화 학습에 유용하지만 저작권, 개인정보, 편향 문제가 있다. 질문: 과제에서 AI 사용을 금지하기보다 과정과 출처를 기록하게 하는 규칙은 어떨까?",""
"TRUE","기술·AI","중급","디지털 트윈","현실의 설비를 데이터로 복제한다","디지털 트윈은 실제 기계·공장·도시의 상태를 센서 데이터와 모델로 연결한 가상 대응물이다. 단순 3D 모델과 달리 현실의 변화가 지속적으로 반영되는 것이 핵심이다.","센서·모델·피드백이 순환한다","온도·진동·전력 데이터를 수집해 가상 모델을 업데이트하고 고장이나 생산량을 시뮬레이션한다. 분석 결과를 정비 일정이나 제어값으로 다시 현실에 적용하면 폐루프가 된다.","고장 전에 실험할 수 있는 공장","예지정비와 공정 최적화에 유용하지만 센서 오류와 부정확한 모델은 잘못된 판단을 만든다. 질문: 현실과 가상이 얼마나 비슷해야 디지털 트윈이라 부를 수 있을까?",""
"TRUE","기술·AI","입문","블록체인","여러 컴퓨터가 공유하는 변경 어려운 장부","블록체인은 거래 기록을 블록으로 묶어 이전 블록의 해시와 연결하고 여러 참여자가 같은 장부를 보관하는 기술이다. 한 기관을 전적으로 믿지 않아도 기록 순서를 합의하려는 구조다.","해시와 합의가 기록을 보호한다","기록을 바꾸면 해시가 달라져 뒤의 연결이 깨지고, 합의 알고리즘이 어떤 새 블록을 인정할지 결정한다. 그러나 입력 정보가 거짓이면 블록체인이 자동으로 진실로 바꾸지는 못한다.","탈중앙화에는 비용과 선택이 따른다","결제, 자산 추적, 스마트 계약에 활용되지만 처리 속도·에너지·규제 문제가 있다. 질문: 학교 증명서를 블록체인으로 관리할 때 기존 데이터베이스보다 나은 점이 정말 있을까?",""
"TRUE","기술·AI","고급","엣지 컴퓨팅","데이터가 생긴 곳 가까이에서 계산한다","엣지 컴퓨팅은 모든 데이터를 먼 클라우드로 보내지 않고 센서·로봇·현장 서버 가까이에서 처리하는 방식이다. 빠른 반응과 통신량 감소가 목적이다.","즉시 판단은 현장, 큰 학습은 클라우드","자율주행의 장애물 감지는 밀리초 단위라 차량 안에서 처리하고, 장기 데이터 분석과 모델 업데이트는 클라우드가 맡을 수 있다. 엣지와 클라우드를 나누어 설계하는 것이 중요하다.","지연을 줄이는 대신 관리 지점은 늘어난다","공장 제어·CCTV·스마트시티에 유리하지만 수많은 장치의 보안과 업데이트가 어려워진다. 질문: 개인정보 보호와 계산 성능 중 무엇을 엣지 배치의 기준으로 삼을까?",""
"TRUE","기술·AI","고급","강화학습","보상을 통해 행동 전략을 배운다","강화학습은 에이전트가 환경에서 행동하고 보상과 다음 상태를 경험하며 장기 보상을 크게 만드는 정책을 학습하는 방법이다. 정답 행동표 대신 시행착오에서 배운다.","탐험과 활용 사이의 균형","이미 좋은 행동을 선택하는 활용만 하면 더 나은 전략을 놓칠 수 있고, 새로운 행동을 시험하는 탐험만 하면 성과가 낮다. 현재 보상과 미래 보상을 잇는 가치함수가 핵심이다.","게임에서는 성공해도 현실은 더 어렵다","로봇 제어·추천·자원 관리에 쓰이지만 보상 설계를 잘못하면 의도하지 않은 꼼수를 배울 수 있다. 질문: 청소 로봇에게 점수만 준다면 어떤 예상 밖 행동을 할 수 있을까?",""
"TRUE","기술·AI","고급","뉴로모픽 컴퓨팅","뇌의 신호 방식을 닮은 컴퓨터","뉴로모픽 컴퓨팅은 뉴런과 시냅스의 연결, 사건이 생길 때만 전달되는 스파이크 신호를 하드웨어와 알고리즘으로 구현하려는 분야다. 낮은 전력으로 감각 정보를 처리하는 것이 목표다.","메모리와 계산을 가까이 둔다","기존 컴퓨터는 메모리와 연산장치 사이로 데이터를 계속 옮기지만 뉴로모픽 칩은 시냅스 가중치 저장과 연산을 가까이 배치한다. 비동기 스파이크 처리는 필요할 때만 에너지를 쓴다.","효율은 높지만 프로그래밍은 낯설다","이벤트 카메라, 로봇, 항상 켜진 센서에 적합하지만 표준 소프트웨어와 학습 방법이 부족하다. 질문: 뇌를 닮았다는 것이 곧 사람처럼 생각한다는 뜻일까?",""
"TRUE","기술·AI","고급","설명 가능한 AI","AI가 왜 그런 답을 냈는지 보여주기","설명 가능한 AI는 모델의 예측에 영향을 준 특징, 규칙 또는 근거를 사람이 이해할 수 있게 제시하는 기술과 원칙이다. 의료·채용·금융처럼 결정의 영향이 큰 분야에서 중요하다.","설명은 모델 자체일 수도 사후 해석일 수도 있다","의사결정나무처럼 구조가 비교적 투명한 모델도 있고, 복잡한 모델의 입력을 조금씩 바꿔 영향도를 추정하는 SHAP·LIME 같은 사후 설명도 있다. 설명은 항상 완전한 원인과 같지는 않다.","정확한 모델과 이해 가능한 모델","설명은 오류·편향 발견과 책임 있는 판단을 돕지만 그럴듯한 설명이 사용자를 속일 수도 있다. 질문: 정확도가 조금 낮아도 설명 가능한 모델을 선택해야 하는 상황은 언제일까?",""
"TRUE","기술·AI","입문","메타버스","여러 사람이 지속적으로 만나는 디지털 공간","메타버스는 아바타로 참여해 소통·창작·경제활동을 할 수 있는 지속적인 가상 공간을 가리키는 넓은 개념이다. 반드시 VR 기기가 있어야 하는 것은 아니다.","몰입감보다 연결성과 규칙이 핵심이다","3D 그래픽, 실시간 네트워크, 디지털 정체성, 사용자 제작 콘텐츠가 결합된다. 서로 다른 서비스 사이에서 아바타와 자산이 이동하는 상호운용성은 아직 제한적이다.","가상 실습실인가 또 하나의 플랫폼인가","위험한 장비 훈련과 원격 협업에 유용하지만 멀미, 개인정보, 중독, 디지털 소유권 문제가 있다. 질문: 학교 메타버스가 화상회의보다 나아지려면 꼭 필요한 기능은 무엇일까?",""
"TRUE","기술·AI","중급","제로 트러스트 보안","내부 사용자도 자동으로 믿지 않는다","제로 트러스트는 네트워크 안에 있다는 이유만으로 신뢰하지 않고 모든 접근을 계속 확인하는 보안 원칙이다. 핵심 문장은 ‘절대 신뢰하지 말고 항상 검증하라’다.","사람·기기·상황마다 최소 권한","로그인 신원, 기기 상태, 위치, 요청 자원을 확인하고 필요한 권한만 짧게 부여한다. 네트워크를 작은 구역으로 나누면 한 계정이 뚫려도 공격 확산을 줄일 수 있다.","보안은 제품 하나가 아니라 운영 방식","다중인증과 접근 정책이 중요하지만 너무 복잡하면 사용자가 우회할 수 있다. 질문: 실습실 컴퓨터에 제로 트러스트를 적용한다면 편의성을 해치지 않고 무엇부터 검증할까?",""
"TRUE","기술·AI","고급","양자 컴퓨터","큐비트로 가능성을 계산한다","양자 컴퓨터는 0과 1의 중첩 상태를 가질 수 있는 큐비트와 얽힘·간섭을 이용해 계산한다. 모든 문제를 빠르게 푸는 기계가 아니라 특정 구조의 문제에서 장점이 기대된다.","정답 확률을 키우고 오답을 상쇄한다","양자 게이트로 상태의 진폭과 위상을 바꾸고 간섭을 설계해 원하는 결과의 측정 확률을 높인다. 큐비트는 잡음에 매우 약해 오류정정을 위해 많은 물리 큐비트가 필요하다.","암호·화학·최적화의 가능성과 과장","쇼어 알고리즘은 큰 수 인수분해에, 양자 시뮬레이션은 분자 연구에 가능성을 보인다. 질문: 현재의 작은 양자 장치와 오류정정 양자 컴퓨터를 구분해 말해야 하는 이유는 무엇일까?",""
"TRUE","공학 일반","입문","3D 프린팅","깎지 않고 층층이 쌓아 만든다","3D 프린팅은 디지털 3차원 모델을 얇은 층으로 나누고 재료를 한 층씩 쌓아 물체를 만드는 적층제조 방식이다. 복잡한 내부 구조와 맞춤형 제품에 강하다.","모델·슬라이싱·출력·후처리","CAD 모델을 STL이나 3MF로 내보내고 슬라이서가 이동 경로와 적층 조건을 만든다. FDM은 녹인 필라멘트를, SLA는 빛으로 굳는 수지를 사용하며 출력 뒤 지지대 제거와 표면 처리가 필요하다.","모든 제품을 대신 만들지는 않는다","시제품과 소량 맞춤품에는 유리하지만 대량생산 속도, 층간 강도, 재료 제한이 있다. 질문: 같은 부품 1개와 10만 개를 만들 때 공정 선택이 어떻게 달라질까?",""
"TRUE","공학 일반","고급","PID 제어","오차를 보고 계속 고치는 제어기","PID 제어는 목표값과 측정값의 오차를 비례 P, 적분 I, 미분 D 세 항으로 계산해 모터·히터 등에 명령을 주는 피드백 제어 방식이다.","현재·과거·변화 속도를 함께 본다","P는 현재 오차에 즉시 반응하고, I는 오차가 오래 남으면 누적해 정상상태 오차를 줄이며, D는 오차 변화가 빠를 때 제동을 건다. 이득이 너무 크면 진동하거나 응답이 느려질 수 있다.","빠름·정확함·안정성의 타협","온도, 속도, 위치 제어에 널리 쓰이며 튜닝이 핵심이다. 질문: 목표에 빨리 도착하지만 크게 넘는 제어와 느리지만 부드러운 제어 중 어느 쪽이 좋은가?",""
"TRUE","공학 일반","고급","공진 현상","작은 반복 힘이 큰 진동을 만든다","공진은 외부에서 가하는 주기적 힘의 주파수가 시스템의 고유진동수와 가까울 때 진폭이 크게 증가하는 현상이다. 그네를 알맞은 타이밍에 밀면 높이 올라가는 것과 같다.","에너지가 같은 리듬으로 계속 더해진다","질량과 강성은 고유진동수를 정하고 감쇠는 진동 증가를 줄인다. 회전체 불균형이나 모터 주파수가 구조 고유진동수와 겹치면 소음과 피로파손이 생길 수 있다.","피해야 할 때와 이용할 때","건물·기계에서는 공진을 피하거나 댐퍼를 달지만 악기와 센서에서는 공진을 활용한다. 질문: 설계 단계에서 공진 위험을 줄이는 방법을 세 가지로 나눠볼 수 있을까?",""
"TRUE","공학 일반","입문","스마트 팩토리","공장이 스스로 상태를 보고 판단한다","스마트 팩토리는 설비·제품·사람의 데이터를 연결해 생산 상태를 실시간으로 파악하고 품질·일정·에너지를 최적화하는 공장이다. 로봇을 많이 쓰는 것만으로 완성되지는 않는다.","센서에서 의사결정까지 데이터가 흐른다","PLC와 센서가 현장 데이터를 모으고 MES가 생산을 관리하며 분석 시스템이 이상을 찾는다. 표준화된 데이터와 설비 간 통신이 없으면 자동화 섬만 늘어날 수 있다.","자동화보다 먼저 해결할 문제","불량 예측과 유연 생산에 유리하지만 초기 비용, 보안, 작업자 재교육이 필요하다. 질문: 오래된 공장을 스마트화한다면 센서 추가와 공정 표준화 중 무엇부터 해야 할까?",""
"TRUE","공학 일반","중급","탄소섬유 강화 플라스틱","가볍지만 강한 복합재료","탄소섬유 강화 플라스틱은 강성과 인장강도가 큰 탄소섬유를 수지에 넣어 만든 복합재료다. 섬유가 하중을 견디고 수지는 형태를 유지하며 섬유 사이 힘을 전달한다.","섬유 방향이 곧 재료의 성질이다","섬유 방향으로는 매우 강하지만 수직 방향과 층 사이 충격에는 약할 수 있다. 설계자는 하중 방향에 맞춰 여러 각도의 얇은 층을 쌓고 열과 압력으로 경화한다.","항공기부터 로봇 팔까지","경량화로 에너지를 절약하지만 가격, 손상 검사, 재활용과 수리가 어렵다. 질문: 금속보다 가벼운 것만 보고 재료를 선택하면 어떤 위험이 생길까?",""
"TRUE","공학 일반","입문","리버스 엔지니어링","완성품에서 설계 의도를 거꾸로 찾는다","리버스 엔지니어링은 기존 제품·부품·소프트웨어를 측정하고 분석해 구조, 기능, 제조 방법을 이해하거나 디지털 모델을 복원하는 과정이다.","측정에서 모델과 검증까지","3D 스캐너나 측정기로 형상을 얻고 점군을 정리해 CAD 형상을 만든 뒤 실제 부품과 오차를 비교한다. 치수만 복사하는 것이 아니라 공차·재료·조립 관계를 추론해야 한다.","수리와 개선, 그리고 권리의 경계","단종 부품 복원과 품질 검사에는 유용하지만 특허·저작권·영업비밀을 침해할 수 있다. 질문: 호환 부품 제작과 무단 복제의 경계를 어떤 기준으로 판단해야 할까?",""
"TRUE","공학 일반","중급","디지털 논리회로","0과 1로 판단하는 전자회로","디지털 논리회로는 전압 범위를 0과 1로 구분하고 AND, OR, NOT 같은 논리 연산으로 정보를 처리한다. 복잡한 컴퓨터도 이 기본 게이트들의 조합으로 만들어진다.","조합회로와 순서회로의 차이","가산기처럼 현재 입력만으로 출력이 정해지는 조합회로와 플립플롭처럼 이전 상태를 기억하는 순서회로가 있다. 클록은 여러 저장 소자가 같은 리듬으로 상태를 바꾸게 한다.","진리표에서 CPU까지","PLC 입력 처리, 카운터, 메모리, 프로세서 설계에 쓰인다. 질문: 실제 전압에는 잡음이 있는데 어떻게 안정적으로 0과 1을 구분할까?",""
"TRUE","공학 일반","고급","열역학 제2법칙","열과 에너지 변환에는 방향과 한계가 있다","열역학 제2법칙은 고립된 계의 엔트로피가 감소하지 않으며 열이 저절로 차가운 곳에서 뜨거운 곳으로 흐르지 않는다고 말한다. 에너지가 보존되어도 모두 일을 할 수 있는 것은 아니다.","완벽한 열기관은 만들 수 없다","열기관은 뜨거운 열원에서 받은 열 일부를 일로 바꾸고 나머지를 차가운 열원에 버려야 한다. 두 온도로 정해지는 카르노 효율은 가능한 최대 효율의 상한이다.","효율 100% 광고를 의심해야 하는 이유","발전소·냉동기·엔진 설계의 한계를 정하며 폐열 회수의 가치를 보여준다. 질문: 마찰을 완전히 없애도 열기관 효율이 100%가 될 수 없는 이유는 무엇일까?",""
"TRUE","공학 일반","고급","유한요소해석","복잡한 구조를 작은 조각으로 나눠 계산한다","유한요소해석은 연속체를 삼각형·사면체 같은 유한한 요소로 나누고 각 요소의 물리 방정식을 연결해 변형, 응력, 온도 등을 근사하는 방법이다.","좋은 메시가 좋은 답의 시작이다","재료 특성, 하중, 구속조건을 정하고 메시를 만든 뒤 전체 방정식을 푼다. 응력이 급변하는 곳은 요소를 촘촘히 하고 메시를 더 세밀하게 했을 때 결과가 수렴하는지 확인해야 한다.","색깔 그림이 곧 정답은 아니다","시제품 전 설계 비교에 강하지만 잘못된 경계조건은 그럴듯한 오답을 만든다. 질문: 해석 결과를 실제 시험과 비교하지 않으면 놓칠 수 있는 것은 무엇일까?",""
"TRUE","공학 일반","중급","도시형 항공 모빌리티","도시 하늘을 이동하는 새로운 교통","도시형 항공 모빌리티는 전기 수직이착륙기 등을 이용해 도심과 주변 지역의 사람·화물을 운송하려는 교통 체계다. 항공기뿐 아니라 버티포트, 관제, 충전, 정비를 포함한다.","여러 로터와 전기 추진의 장단점","분산전기추진은 여러 모터로 양력과 제어를 나눠 수직이착륙을 가능하게 하지만 배터리 에너지밀도와 비상 상황의 안전 설계가 중요하다.","빠른 이동이 모두의 교통이 되려면","교통 정체를 줄일 가능성이 있지만 소음, 날씨, 요금, 주민 수용성과 공역 관리가 과제다. 질문: 기술이 준비되어도 도시가 받아들이지 않을 수 있는 이유는 무엇일까?",""
"TRUE","사회·상식","입문","확증 편향","믿고 싶은 정보만 더 잘 보인다","확증 편향은 이미 가진 믿음을 지지하는 정보는 찾고 기억하면서 반대 정보는 무시하거나 낮게 평가하는 경향이다. 누구에게나 나타날 수 있는 사고의 지름길이다.","같은 결과도 다르게 해석한다","좋아하는 팀이 이기면 실력, 지면 심판 탓이라고 보는 식으로 기준이 달라질 수 있다. 검색어와 팔로우 목록도 비슷한 관점만 반복 노출해 편향을 강화한다.","내 생각을 반박하는 증거를 일부러 찾기","반대 가설 세우기, 출처 비교, 판단 기준 미리 정하기가 도움이 된다. 질문: 토론에서 상대를 이기려는 태도와 내 생각을 검증하려는 태도는 어떻게 다를까?",""
"TRUE","사회·상식","입문","필터 버블","알고리즘이 만든 나만의 정보 거품","필터 버블은 플랫폼이 사용자의 클릭·검색 기록에 맞춰 정보를 추천하면서 다른 관점이나 새로운 정보가 보이지 않게 되는 현상을 뜻한다.","편리한 개인화가 시야를 좁힐 수 있다","추천 시스템은 관심 있을 확률이 높은 콘텐츠를 앞에 놓아 체류 시간을 늘린다. 사용자가 비슷한 콘텐츠를 다시 클릭하면 학습 신호가 강화되어 정보 환경이 점점 좁아질 수 있다.","알고리즘만의 책임은 아니다","사용자의 선택, 친구 관계, 플랫폼 목표가 함께 작동한다. 질문: 추천을 끄는 것 외에 다양한 관점을 접하도록 서비스와 사용자가 할 수 있는 일은 무엇일까?",""
"TRUE","사회·상식","중급","긱 이코노미","짧은 일감을 중심으로 움직이는 노동","긱 이코노미는 장기 고용 대신 배달, 운전, 디자인처럼 과업 단위의 단기 계약이나 플랫폼 중개 노동이 늘어나는 경제 형태다.","자유로운 시간과 불안정한 보호","노동자는 일할 시간과 양을 선택할 수 있지만 소득 변동, 산재, 보험, 퇴직과 같은 보호가 약할 수 있다. 플랫폼의 배차·평점 알고리즘이 실제 노동 조건을 좌우하기도 한다.","근로자인가 독립 사업자인가","지위에 따라 최저임금과 사회보험 책임이 달라져 여러 나라에서 논쟁이 이어진다. 질문: 유연성을 유지하면서 기본 보호를 제공하려면 비용을 누가 부담해야 할까?",""
"TRUE","사회·상식","입문","탄소 중립","배출한 만큼 흡수·제거해 순배출 0","탄소 중립은 온실가스 배출을 최대한 줄이고 남은 배출량을 흡수하거나 제거해 순배출량을 0으로 만드는 목표다. 아무것도 배출하지 않는다는 뜻과는 다르다.","감축이 먼저, 상쇄는 남은 부분에","에너지 효율, 재생에너지, 전기화로 직접 배출을 줄이고 피하기 어려운 배출을 산림·탄소포집 등으로 보완한다. 계산 범위와 기준연도를 명확히 해야 한다.","숫자 뒤의 범위를 확인하자","기업이 공장만 계산하고 공급망을 빼면 실제 영향이 작을 수 있다. 질문: 학교의 탄소 중립 계획에서 전기, 급식, 통학 중 무엇부터 측정하고 줄여야 할까?",""
"TRUE","사회·상식","중급","기본소득","조건 없이 모두에게 정기적으로 지급","기본소득은 자산·소득 조사나 근로 조건 없이 사회 구성원 모두에게 개인 단위로 정기 지급하는 현금 소득 구상이다. 기존 복지와의 관계와 지급 수준에 따라 형태가 달라진다.","단순함과 재원 문제가 맞선다","복지 사각지대와 행정비용을 줄이고 선택의 자유를 높일 수 있다는 주장과, 막대한 재원·물가·노동 의욕을 걱정하는 주장이 있다. 실험 결과는 규모와 기간에 따라 해석이 다르다.","찬반보다 설계 조건을 묻기","세금과 기존 복지 조정 방식에 따라 누가 이득을 보는지가 달라진다. 질문: 같은 예산이라면 모두에게 적게 주는 것과 필요한 사람에게 많이 주는 것 중 무엇이 공정할까?",""
"TRUE","사회·상식","중급","젠트리피케이션","동네가 뜨면서 기존 주민이 밀려나는 변화","젠트리피케이션은 낙후 지역에 투자와 상권이 들어와 환경과 가치가 좋아지는 동시에 임대료가 올라 기존 주민·상인이 떠나게 되는 현상이다.","개선의 이익과 이주의 비용","카페와 문화시설이 늘고 안전이 좋아질 수 있지만 지역을 만든 사람들은 상승한 비용을 감당하지 못할 수 있다. 단순히 동네가 예뻐지는 현상과 구분하려면 누가 남고 떠나는지 봐야 한다.","발전을 멈추지 않고 함께 남는 방법","장기 임대, 공공 상가, 임대료 안정 장치, 주민 참여 개발이 대안으로 논의된다. 질문: 재산권과 지역 공동체 보호 사이의 기준을 어디에 둘까?",""
"TRUE","사회·상식","입문","디지털 리터러시","디지털 정보를 읽고 만들고 책임 있게 쓰는 능력","디지털 리터러시는 기기 조작을 넘어 온라인 정보를 찾고 신뢰도를 평가하며 콘텐츠를 만들고 안전·윤리를 지키는 종합 능력이다.","검색 결과 첫 줄이 정답은 아니다","작성자, 날짜, 근거, 원출처를 확인하고 다른 자료와 비교해야 한다. 이미지 역검색과 사실검증도 중요하며, 공유하기 전 감정을 강하게 자극하는 제목을 의심할 필요가 있다.","AI 시대에는 질문보다 검증이 중요하다","개인정보 보호, 저작권, 알고리즘 이해와 AI 결과 검증이 포함된다. 질문: 학생이 디지털 리터러시를 갖췄는지 단순 시험이 아닌 방법으로 어떻게 확인할까?",""
"TRUE","사회·상식","입문","플라시보 효과","치료 기대가 실제 증상에 영향을 준다","플라시보 효과는 유효 성분이 없는 처치라도 치료받는다는 기대와 상황 때문에 통증이나 주관적 증상이 개선되는 현상이다. 증상이 거짓이라는 뜻은 아니다.","기대·학습·의료 환경이 뇌에 작용한다","과거 경험으로 형성된 조건화, 의료진의 말과 치료 의식이 신경계 반응과 증상 인식에 영향을 줄 수 있다. 그러나 감염을 없애거나 부러진 뼈를 붙이는 만능 치료는 아니다.","효과를 검증하려면 비교가 필요하다","임상시험은 위약군과 치료군을 비교하고 가능하면 이중맹검을 사용한다. 질문: 환자에게 사실을 숨기지 않으면서 치료 기대의 긍정적 효과를 활용할 수 있을까?",""
"TRUE","사회·상식","중급","공유지의 비극","각자의 이익이 공동 자원을 고갈시킨다","공유지의 비극은 누구나 이용하지만 관리 책임은 분산된 자원에서 각자가 이익을 늘리면 전체 자원이 파괴될 수 있다는 개념이다.","목초지 한 마리 추가의 유혹","목동은 가축 한 마리를 늘린 이익을 대부분 얻지만 과도한 방목 피해는 모두가 나눠 부담한다. 이 선택이 반복되면 개인에게 합리적인 행동이 집단에는 나쁜 결과가 된다.","공유는 반드시 실패하는가?","명확한 이용 규칙, 감시, 벌칙, 신뢰와 공동체 자치로 자원을 지속 가능하게 관리한 사례도 있다. 질문: 교실 공용 장비의 분실과 고장을 줄이는 규칙을 어떻게 만들까?",""
"TRUE","사회·상식","중급","그린워싱","친환경처럼 보이게 만드는 과장","그린워싱은 기업이나 제품이 실제 환경 개선보다 광고와 표현을 통해 더 친환경적인 것처럼 보이게 하는 행위다.","모호한 말보다 전체 생애주기를 보기","‘자연’, ‘에코’, 초록색 포장만으로는 근거가 되지 않는다. 원료 채취, 생산, 운송, 사용, 폐기 전 과정의 배출량과 공인 인증, 수치와 비교 기준을 확인해야 한다.","완벽하지 않다고 모두 거짓은 아니다","부분적 개선도 의미가 있지만 작은 장점으로 큰 문제를 가리면 오해를 만든다. 질문: 친환경 광고를 평가하는 학생용 체크리스트에 어떤 질문 세 가지를 넣을까?",""
"TRUE","엉뚱한 상상","입문","로봇에게 월급을 줘야 할까?","월급은 노동의 대가인가 권리의 표시인가","로봇이 사람 대신 생산과 서비스를 수행해 수익을 만든다고 가정해보자. 로봇에게 직접 돈을 줄지보다 로봇이 만든 가치가 소유자·노동자·사회에 어떻게 분배되는지가 핵심 쟁점이다.","로봇 계좌가 생기면 달라질 것","유지보수비와 전기료를 스스로 결제하면 운영은 편해질 수 있지만 로봇이 법적 인격과 재산권을 가져야 하는지는 별개의 문제다. 기업이 책임을 로봇에게 떠넘길 위험도 있다.","나만의 로봇 노동 규칙","로봇세, 자동화 이익 공유, 사람의 재교육 기금 같은 대안을 설계할 수 있다. 질문: 로봇의 월급을 정한다면 누구에게 지급하고 어디에 사용하도록 할까?",""
"TRUE","엉뚱한 상상","입문","중력이 절반이 된다면?","몸무게는 절반, 질량은 그대로","지표 중력이 갑자기 절반이 되면 같은 사람의 무게는 절반이지만 질량과 관성은 그대로다. 높이 뛰고 물건을 들기는 쉬워져도 달리다 멈추는 데 필요한 힘의 성질은 남는다.","대기·바다·건축도 함께 변한다","물체가 떨어지는 가속도가 작아지고 발사체는 더 멀리 날아간다. 대기와 바다의 분포, 생물의 뼈와 근육, 건물 하중 기준과 위성 궤도까지 장기적으로 영향을 받는다.","가벼운 세상을 위한 새 규칙","교통 속도, 스포츠 기록, 안전 난간과 기계 설계를 다시 정해야 한다. 질문: 가장 먼저 위험해질 시설 하나와 새롭게 가능해질 기술 하나를 골라 해결책을 제안해보자.",""
"TRUE","엉뚱한 상상","입문","학교에 AI 교장 선생님이 온다면?","데이터로 운영되는 학교의 하루","AI 교장이 시간표, 예산, 급식, 상담 요청을 분석해 결정을 제안한다고 상상해보자. 반복 행정은 빨라질 수 있지만 학교는 효율만으로 운영되는 조직이 아니다.","공정한 계산에도 입력의 편향이 있다","과거 데이터를 학습하면 기존의 불공정이 반복될 수 있고, 학생의 행동 데이터를 많이 모을수록 감시 문제가 생긴다. 중요한 징계와 진로 결정에는 설명과 이의제기가 필요하다.","AI에게 맡길 일과 사람이 책임질 일","AI는 대안을 추천하되 최종 책임은 사람에게 두는 혼합 구조를 설계할 수 있다. 질문: AI 교장이 해도 되는 결정 세 가지와 절대 맡기면 안 되는 결정 한 가지는 무엇일까?",""
"TRUE","엉뚱한 상상","입문","스마트폰이 사라진 하루","가장 먼저 멈추는 것은 연락만이 아니다","스마트폰이 하루 동안 사라지면 메시지뿐 아니라 결제, 지도, 인증, 사진, 교통 정보가 동시에 끊긴다. 하나의 기기에 얼마나 많은 사회 기능이 모였는지 드러난다.","불편함과 해방감이 동시에 온다","약속 장소를 찾기 어렵고 긴급 연락이 늦어질 수 있지만 알림과 비교에서 벗어나 대면 대화와 집중이 늘 수도 있다. 디지털 격차가 반대로 디지털 의존 격차가 된다.","스마트폰 없는 비상 계획","학교의 종이 연락망, 현금·카드 대안, 공공 안내판 같은 백업을 설계해보자. 질문: 하루 동안 꼭 남겨야 할 스마트폰 기능 하나만 선택한다면 무엇이며 왜일까?",""
"TRUE","엉뚱한 상상","입문","화성에서 첫 학교를 만든다면?","교실보다 먼저 생존 시스템","화성 학교는 낮은 기압, 추위, 방사선과 먼지 폭풍을 견디는 밀폐 거주지 안에 있어야 한다. 학생은 지구식 교과와 함께 생명유지 장치 운용을 배워야 한다.","지구와 대화에는 긴 지연이 있다","화성과 지구 사이 통신은 위치에 따라 편도 수분에서 20분 넘게 걸릴 수 있어 실시간 원격수업이 어렵다. 물·산소·식량을 재활용하고 현지 자원을 활용하는 실습이 중요해진다.","첫 교육과정과 학교 규칙","모든 학생이 정비와 응급대응을 익히되 탐구와 예술도 포기하지 않아야 공동체가 지속된다. 질문: 화성 학교의 필수 과목 세 가지와 지구 학교에서 가져가지 않을 규칙 하나를 정해보자.",""
"TRUE","엉뚱한 상상","입문","기억을 파일로 저장할 수 있다면?","기억은 영상 파일과 같을까?","기억을 뇌에서 읽어 파일로 저장할 수 있다고 가정해도 기억은 카메라 기록처럼 완전하지 않다. 감정과 맥락, 회상할 때의 재구성이 함께 담길 가능성이 크다.","복사·편집·해킹이 가능한 나의 과거","소중한 경험을 보존하고 치매 치료를 도울 수 있지만 타인의 기억을 복사하거나 편집하면 정체성과 증언의 신뢰가 흔들린다. 기억 파일은 가장 민감한 개인정보가 된다.","기억 데이터 권리 선언","열람 동의, 삭제권, 상속, 법정 증거 사용과 보안 규칙이 필요하다. 질문: 나의 기억 파일을 가족·병원·법원이 각각 어떤 조건에서 볼 수 있게 할까?",""
"TRUE","엉뚱한 상상","입문","모든 자동차가 자율주행이 된다면?","운전대가 사라진 도로","모든 자동차가 자율주행으로 연결되면 차량끼리 속도와 경로를 조정해 사고와 정체를 줄일 수 있다. 이동 중 일하거나 쉬는 공간으로 차의 역할도 바뀐다.","완벽한 차량도 예외 상황을 만난다","센서 고장, 공사 구간, 악천후, 통신 장애와 예상하지 못한 사람 행동을 처리해야 한다. 중앙 시스템 오류나 해킹은 한 번에 많은 차량에 영향을 줄 수 있다.","사고 책임과 이동의 공정성","제조사·소프트웨어 회사·소유자 중 누가 책임질지 정하고 노약자와 장애인의 접근성을 보장해야 한다. 질문: 사람이 수동 운전을 선택할 권리를 남겨둘까?",""
"TRUE","엉뚱한 상상","입문","순간이동은 교통수단일까?","출발과 도착 사이가 사라진 이동","사람과 물건을 즉시 다른 장소로 보낼 수 있다면 거리보다 접속 권한과 에너지 비용이 교통의 핵심이 된다. 역, 도로, 항공 산업의 의미도 크게 변한다.","몸을 옮길까 정보를 복제할까","원자를 분해해 정보를 전송하고 다른 곳에서 재구성한다면 도착한 사람이 원래 나와 같은 사람인지 철학적 문제가 생긴다. 전송 오류와 목적지 안전 확인도 필수다.","순간이동 면허와 검문소","불법 침입을 막는 좌표 권한, 사고 보험, 생물 검역과 이용료 규칙을 설계해야 한다. 질문: 순간이동 장치를 대중교통으로 볼지 통신 서비스로 볼지 선택하고 근거를 말해보자.",""
"TRUE","엉뚱한 상상","입문","시험을 로봇이 대신 본다면?","점수는 누구의 능력을 보여줄까?","로봇이 학생 대신 시험을 보면 점수는 학생의 지식보다 로봇 선택·프로그래밍·도구 활용 능력을 반영한다. 기존 시험의 목적부터 다시 묻게 된다.","도구 사용도 실력이라는 주장","현실의 기술자는 검색과 AI를 활용하므로 도구를 잘 쓰는 능력을 평가할 수 있다. 반면 모든 학생의 로봇 성능이 다르면 경제력 차이가 점수 차이로 이어질 수 있다.","사람과 로봇을 함께 평가하는 방법","기초 개념은 개인이 설명하고 복잡한 문제는 로봇과 협업한 과정·검증 기록을 평가할 수 있다. 질문: 최종 답, 질문 설계, 오류 발견 중 무엇에 가장 높은 점수를 줄까?",""
"TRUE","엉뚱한 상상","입문","인터넷이 일주일간 멈춘다면?","보이지 않던 기반시설이 멈춘다","인터넷이 일주일 중단되면 영상과 SNS뿐 아니라 결제 승인, 물류, 예약, 클라우드 문서, 공장 원격관리까지 영향을 받는다. 연결망이 생활의 기반시설임이 드러난다.","완전한 정지보다 불균등한 마비","현금과 오프라인 시스템을 가진 기관은 버티지만 온라인 전용 서비스와 원격 노동자는 큰 피해를 본다. 가짜 정보가 퍼져도 공식 확인 채널이 부족해질 수 있다.","오프라인으로 버티는 사회 설계","지역 라디오, 종이 명단, 오프라인 결제 한도, 내부망과 데이터 백업이 필요하다. 질문: 학교가 7일을 운영하기 위해 오늘 미리 준비할 것 다섯 가지를 정해보자.",""
